FOS_StandardDeviation,FOS_Skewness,FOS_MinimalGrayLevel,FOS_10Percentile,FOS_Smoothness,GLCM_Contrast_Mean,GLCM_InverseDifferenceMoment_Mean,GLCM_Information1_Mean,GLCM_MaximalCorrelationCoefficient_Mean,GLCM_ASM_0,GLCM_Contrast_0,GLCM_InverseDifferenceMoment_0,GLCM_DifferenceVariance_0,GLCM_DifferenceEntropy_0,GLCM_Information2_0,GLCM_SumOfSquaresVariance_45,GLCM_SumAverage_45,GLCM_DifferenceVariance_45,GLCM_MaximalCorrelationCoefficient_45,GLCM_Correlation_90,GLCM_SumAverage_90,GLCM_SumVariance_90,GLCM_DifferenceVariance_90,GLCM_Information1_90,GLCM_SumVariance_135,GLCM_SumEntropy_135,GLCM_Information1_135,GLCM_MaximalCorrelationCoefficient_135,GLDS_Contrast,GLRLM_LongRunEmphasis,GLRLM_RunPercentage,GLRLM_HighGrayLevelRunEmphasis,GLRLM_ShortRunHighGrayLevelEmphasis,Class
36.90793205693099,-0.019691749064531573,35.0,75.0,0.9992664294757296,31.548629875135088,0.3053792639383251,-0.42505413144949694,4.765944982095106,0.0008844451416885164,18.63156165283825,0.3582545615260867,0.0006287093988444272,3.0529174370697816,0.9994109288123468,1354.3419636044746,258.4729337907658,0.00045091625621132683,4.915345619874429,0.9902903616384188,258.4112827942615,5392.369303405867,0.0005446578045419843,-0.4380935177652971,5373.536765802871,8.143897542168174,-0.3920616995179457,4.915328528126684,8438410.0,1.5284253809478234,1.7670508744038156,18007.570851837056,16454.36292302154,Positif
32.54269120856812,-0.8176251664010963,55.0,94.0,0.9990566275813644,7.3443864051617505,0.4512903219272965,-0.5267262985646757,3.6805147084364704,0.002236973252731346,4.3464538295071735,0.5179788845512855,0.0010457231904471374,2.239126814464667,0.9998028528526892,1053.203319977616,297.00118643045306,0.0007724985031431418,3.897603771531687,0.9970801972740588,296.9284898378065,4209.711359982059,0.0009338148508232473,-0.5426330394134259,4202.972674937337,7.823437749095317,-0.4949032403985133,3.936950891293996,3288817.25,2.1622847563748633,2.03941615452151,22911.8834766906,19303.384861093364,Positif
23.357993523055164,-0.3074626911688645,64.0,107.0,0.9981704947465272,4.015827358059251,0.526264849025476,-0.5473103766939911,2.8077290840211755,0.0035545066749384313,2.7418908326282763,0.576181857869826,0.0014775294911804865,1.9801449637645412,0.9996785657573062,542.7840434637728,276.4394058369324,0.0011823789355598704,3.0247977253876823,0.9971424605698804,276.38632114940157,2169.0643278180505,0.0014345620963028926,-0.5734053436133759,2165.855748936621,7.274175794628168,-0.5140397290662256,2.9970544012500286,1289595.25,2.702397613586016,1.5942798950566144,18946.27628918753,14815.892919313088,Positif
17.411837620986965,0.2782032457697282,69.0,112.0,0.9967123873785688,22.176335235267878,0.42042501079027617,-0.4291807805270873,3.328574414484593,0.002550536089890237,13.519331836363488,0.4634245536175158,0.0009258134110230316,2.60824952537828,0.998346875728074,300.74696700496133,268.0455597490364,0.0007364378204528921,3.3439181672630376,0.9678971688927128,268.0263096474073,1183.5290500177946,0.0008986179588443225,-0.4567630947637926,1171.8311209246313,7.1256275249064105,-0.3936943604840133,3.2549700623318683,5503906.75,1.9834612886755203,1.5602636645840702,18261.46695843005,15744.9702620998,Positif
14.841482107118942,-0.7204188416489736,39.0,79.0,0.9954806261679868,6.081900845646824,0.4098335787568097,-0.4378235758753479,2.9610420139677776,0.002941104283054115,4.4852517581371165,0.4521790215230057,0.0016473002817645175,2.322952143054064,0.9980043015205714,218.93157325888203,195.87022789955003,0.0012894234454927495,3.186279729598549,0.9897010838617024,195.82059903827388,872.5184685707644,0.0016391388138517172,-0.4702598315774939,868.0564156194378,6.850490791160107,-0.4047219665790313,3.1637369591327342,2054320.0,1.8226410672812297,1.861185230105788,9601.064570824548,8260.297031653336,Positif
31.877374378520738,-0.5123464827497493,55.0,90.0,0.9990168772653012,4.000236533874055,0.5203073918391935,-0.583011213535393,2.8217014163646663,0.002257141295573551,2.6401268956979256,0.5735097565891593,0.001535089483554671,1.98667102247578,0.9998945382698168,1009.506269980826,277.1550577664668,0.0012213567949694664,2.999351310805048,0.9983884854492772,277.05249148870325,4038.8774984349584,0.0014664387629203096,-0.6039893472697,4032.958417530477,7.814087653053757,-0.5529589738550427,3.004483178387109,516083.75,2.6760643869215928,1.0184722222222222,19167.21761829268,14906.338387927932,Positif
23.305981732332878,-0.8683954459841071,56.0,111.0,0.9981623348702288,9.515975390006089,0.4514997071450492,-0.4881206873602405,3.8678046680576346,0.0035762989467670093,6.192900133589338,0.5007571882374527,0.0009773454683722114,2.4225182131908323,0.99938505525468,538.8188295092224,295.70353468463287,0.000769416850878162,4.073870307271375,0.992779429696364,295.6117271891518,2154.1895395588213,0.0009284080536733752,-0.5105225955009735,2142.8450868569635,7.330760802601124,-0.4547568222124089,4.080451320722744,1984650.5,2.2469695229042608,1.377491651682507,21564.4277792141,17704.08274455728,Positif
18.62643063812191,-0.4979418820424437,37.0,65.0,0.9971259736200084,5.97177002881274,0.4133788296634139,-0.466907001079229,2.9850721579285104,0.0023029906958161725,4.3794210715393005,0.4565785287134001,0.0016264951176847438,2.3052354120295604,0.9989332828202212,345.2693738778562,187.09981541221734,0.0012713849981191125,3.2096603441142033,0.993528762160376,187.06164525130043,1377.1763768288804,0.0016064203316932626,-0.4968837520348973,1373.4790752202898,7.144039134308982,-0.4346158583152893,3.1992367021838146,2424568.5,1.839445643081676,2.0343859487368614,8889.039546689088,7626.688389591912,Positif
31.149524599385906,-0.3584828148753028,68.0,100.0,0.9989704444274826,3.4062620158532075,0.5446450168754231,-0.60353853288784,3.275353250242511,0.0024936239179231988,2.1717082640044385,0.5998790287849495,0.0012764396969672494,1.8616474120765407,0.9999246230422292,964.4983799721996,295.9629250000001,0.001001895067696277,3.4715664730311824,0.9985766753252134,295.8648973932335,3858.334747840287,0.0012193817389520279,-0.6255263932127766,3853.781078733314,7.862992980106088,-0.577182317173063,3.5205084136756644,1226992.25,2.8336462451757902,1.6584907507096016,22500.55204826149,17614.954469630167,Positif
32.74362319010732,-0.4290977351524041,40.0,104.0,0.999068159353288,12.428288334086275,0.39875499020265975,-0.4940685614739802,3.968799473962517,0.0014498191491478,8.038579803589858,0.4492618371027075,0.0008538347867839039,2.5803711007355337,0.9997065948713304,1064.0531806493748,290.81259993604095,0.0006374178541038669,4.19805056800681,0.9955272355738676,290.7111150517804,4255.916822121668,0.0008069428218313642,-0.5172318230828991,4239.846279352321,7.9848467755144705,-0.4646510849850612,4.190116722466786,3500024.25,1.8794173550789408,1.6928645142267431,22178.932410332218,19380.490167010026,Positif
12.60478803023386,1.0593746940352142,109.0,154.0,0.9937453356343652,11.50573114473191,0.4515096608457275,-0.3941741677984267,3.826754455820672,0.004467257127198564,10.102683448988634,0.4857493994537146,0.0009333162859041516,2.557238766852548,0.9950901530488644,157.77500072474868,332.6002440828402,0.0007779321539537963,3.9396267670653344,0.9801244788740784,332.59666691274174,624.9247836639262,0.0009954865140363255,-0.4457978980466011,614.5801433650922,6.510675132289942,-0.3495537588307417,4.023769628213048,3113278.5,2.2204961838626844,1.5746791614918518,27507.09939078125,23060.630499002797,Positif
24.990318472342967,-1.126508455754422,59.0,107.0,0.9984013199146556,3.377556745710796,0.5247630240987811,-0.5647162448635248,2.8312806992768635,0.0031598949737580827,2.47176032651827,0.5714295499017692,0.0013506672582365821,1.9419969927840857,0.9997697225776496,619.4288813027632,292.19608857648535,0.0010606082296319534,2.9544800145589067,0.9980327944062812,292.1914704659688,2475.606612809453,0.0013468956399196738,-0.5958282317164809,2473.6521268297947,7.4265913725805275,-0.5390350472369252,2.9322297988828265,1071271.75,2.6210906865247576,1.5989570296203588,21579.224361479148,17164.99170095482,Positif
12.42942913094728,-2.544637579456755,59.0,137.0,0.9935687475508326,2.2461539818565863,0.5886290194641063,-0.5213061750676236,2.9411299637465267,0.010565257426037715,1.6734055354993989,0.636474446469343,0.0016144588942776947,1.7241870384296945,0.9985197974663744,151.46264287024312,303.67571257282134,0.0013219433087925346,3.192571793238752,0.9945378348432192,303.65261651543244,605.4400233193593,0.0016051075109940474,-0.5570607523635085,603.0758740937308,6.192563913103997,-0.4885666615686667,3.0088119661551724,689842.0,3.3429809193993387,1.4415191662250484,22713.14786893467,16873.754782478518,Positif
21.117855455607103,0.1834234617949716,76.0,105.0,0.9977626824423079,5.426727183360248,0.5054116219564067,-0.5426437817334971,2.797229058533737,0.002837284172160285,4.00627142802111,0.5543013847017108,0.0013033934910356313,2.06221319045472,0.9996779275856502,441.5944799501958,261.0052570431642,0.0010742326292631822,2.907504152045844,0.995330860771808,260.9775992911899,1762.4276233286655,0.0012712369378229252,-0.5679788129583799,1758.97330137057,7.3661533009032985,-0.5057654272433397,2.9011604745352577,1406996.5,2.4191324394946485,1.4821068819684735,17435.675617301764,14224.902517534105,Positif
7.845986252946945,-0.2144025006596445,84.0,110.0,0.9840152175848376,5.946725368626377,0.4111046297440283,-0.34516587259172105,2.977457858812325,0.0050470777162713145,4.491474190284947,0.4503732915822056,0.0014369336684481814,2.3226883923962047,0.988802119369258,60.82883696021963,240.18514322805044,0.0011281396597012075,3.163921386156661,0.9645127211659116,240.18254865763612,239.231129628366,0.0014520244728223515,-0.38533015553075856,235.9606232877049,5.966826269329985,-0.3095913130196373,3.14238384125473,1943531.0,1.8263847618931732,1.827810286418232,14233.494591533496,12240.619689070852,Positif
17.33092287627396,-0.8591011255494281,43.0,89.0,0.9966817193581816,8.653639468084974,0.3990366994717991,-0.426255058166709,3.2765981608251527,0.002581879969512595,5.855518566365231,0.44717751997874394,0.0013960153220141619,2.4573875386861928,0.9982000013391518,296.72127868461763,225.38056955875402,0.001073032532200457,3.454033387357309,0.9886874467644404,225.33552784126667,1181.3387858032438,0.0013268246812697,-0.4526410029989088,1175.4558618468727,7.004369094985251,-0.3884310312451755,3.5153422532773053,1043067.0,1.83437407175254,1.1151594545864325,12626.451467704634,10853.693379556573,Positif
36.72134191621664,-2.013498318756676,40.0,110.0,0.9992589611706968,10.896221696463805,0.3889034095774393,-0.4445817159791821,4.188205206538541,0.002906508438846493,7.953278189490477,0.4301194834183724,0.0008120469365121298,2.620165644188229,0.9988001466779576,1334.6751088684214,340.66910403164724,0.0006591637062660134,4.434371480357253,0.9970185615451854,340.606942665799,5338.154147000139,0.0008080995444238553,-0.4758033041148865,5323.747123170017,7.308417776306282,-0.4019700747992869,4.411111222192592,2073063.75,1.8142097051191295,1.4078005115089514,29616.639362288595,25543.849109595405,Positif
6.119891863810679,0.933168897502223,92.0,108.0,0.9739942784042964,6.441627559033301,0.4014991380351003,-0.26889967003095944,2.993332216050902,0.008107651965804935,4.669941782098713,0.4447480391419811,0.0015359464055544991,2.3467691369527435,0.9698167696423732,36.904226280945295,228.79167480609016,0.0011940877977425074,3.177203699393618,0.9335380542260292,228.7946370701769,142.825043366116,0.0015023109583825152,-0.30509804694415904,139.48625253317732,5.446581485520413,-0.22826662060827066,3.2184126443011185,2243743.5,1.7871448196143942,1.902554659765768,12893.069146922606,11146.693288184826,Positif
12.357356645049725,-0.3962066415169336,110.0,145.0,0.9934939995883244,1.243147697193423,0.6623830242863863,-0.6153816931387429,2.155165031267702,0.008169002440666673,0.876759586996591,0.7140330436757694,0.0022029065031470025,1.4062147028943763,0.9996678839060478,151.10617638154508,320.98894988508755,0.0018199332106577691,2.2635619764214567,0.9967270908562194,320.986676344735,603.3650798461458,0.002130437839071637,-0.6418330441677309,602.901117768808,6.564659382609611,-0.5853031570001531,2.2892487191317565,456811.25,4.582913505858863,1.3904335045385534,25483.176796479063,17225.831447166864,Positif
10.249575916071423,-0.9397165211191556,81.0,144.0,0.9905708240619948,3.166866833203518,0.5484982461963592,-0.4871864614962506,2.8668212188554545,0.006984888016536893,2.2890921723019924,0.5910493578789975,0.0016375720732463596,1.9012940032030587,0.9981296849355652,103.80473153779894,313.5719567470569,0.001302695485990374,2.970335605528157,0.9890929219828904,313.5609249616915,413.0232961118163,0.0016544331385800965,-0.5277380086788206,411.43706144472526,6.318906126425028,-0.457231145957676,3.0295198505852325,819442.0,2.892610001519574,1.3949577085736256,24323.061673824897,18945.351082340952,Positif
26.997019077229066,-0.045494610735784896,14.0,42.0,0.998629834872504,35.770475315770085,0.2884915881961898,-0.3799167675417969,3.8737716137304328,0.0010452687977427434,22.46236269492084,0.3346226897543315,0.0005928884633344683,3.139513217907488,0.9982587102539132,726.4429752740763,165.4668439396671,0.0004310495207714524,3.970887641307644,0.9801089472308095,165.4622130436084,2878.794559994243,0.0005252772560950019,-0.39602409634147895,2857.735980381778,7.661982397293153,-0.34747219526614925,3.994678347273587,2384340.0,1.468506443329184,0.8942084942084942,7547.6711146892185,6973.177932287342,Positif
29.841357276232838,-0.3149982660512381,6.0,47.0,0.9988783033177604,12.928548868796868,0.3711715301859708,-0.4625369804593773,3.3960244706480145,0.0015145617286111894,7.2849835634451034,0.4379267661593205,0.0010225883940459984,2.567208036318624,0.999565459729326,883.3942504636943,175.4773910750774,0.0007134937259488975,3.6251930457239903,0.9936939876072538,175.46559806441857,3529.148953917331,0.0008614493523245582,-0.4725949670497775,3517.137034190564,7.824250114972892,-0.4335303370815332,3.686728997189786,1963186.0,1.7547620052702568,1.2721177473546963,8536.773906534516,7560.653576188584,Positif
37.453768797313664,-1.0287333183676202,3.0,55.0,0.9992876400983616,8.001621731495174,0.4392158329386237,-0.526092956700653,3.1371386405700137,0.001642040686617284,5.217187555555559,0.4908022473560084,0.0012795294475246913,2.342266287852218,0.9998023882261154,1396.7266024032615,229.6029875222816,0.0010055775051436892,3.397959740705857,0.9977251660942242,229.67450079645013,5590.242717636778,0.0011997066673071887,-0.5465983554598833,5575.693114562491,7.949382858119778,-0.4893255046881882,3.3257978944924123,1123311.75,2.072209967923876,1.1556633291614518,13983.658923372675,11606.262098548923,Positif
31.31746454100956,-1.6172574406969191,3.0,83.0,0.9989814455904582,43.734424044046996,0.3684728641778502,-0.4226710471097958,3.6362685071763297,0.001678448031552208,37.39793685320679,0.4156294078869062,0.0007400406612129949,2.9423940576047167,0.9988556552329354,974.8994190439626,244.12041289708642,0.0005749024167040684,3.802107032696253,0.9860095277913382,244.1203414409069,3883.8876535911613,0.0006991360678742897,-0.4465313216318077,3835.511586181783,7.636667514397372,-0.3893563161642197,3.857235049892485,6624234.5,1.7570405496811623,1.271744595274007,15752.463712837087,13904.317164522976,Positif
17.602881778582073,-0.5353774381519808,19.0,51.0,0.9967831327752678,7.7876467772293445,0.3870215275847421,-0.43134746553981695,3.1026371587546118,0.0023187239158743433,5.527848780051837,0.4321142214180493,0.0013850054806599302,2.4273377997289955,0.9982340317782628,308.742561182351,152.6870809279644,0.0010468049841859887,3.35290917149657,0.9905381443571376,152.70641701671286,1230.0029412153126,0.0013428222432458395,-0.4598185525173129,1225.3659092233647,7.012557344571308,-0.40144898947205465,3.29023200242999,869708.5,1.739173998834576,1.0893532338308458,5999.398401587982,5235.167092154479,Positif
20.61427897822413,-0.6907312372239479,21.0,58.0,0.997652298329062,15.371891364728976,0.34937875436848354,-0.4026300688954493,3.5488074536378824,0.0019070864659814343,8.708790894532143,0.4035726312754732,0.0012957955535319858,2.6925320961429597,0.9983592436476588,423.1024406406414,175.3659364038871,0.0009080932380768574,3.845535558877337,0.9841628032891564,175.36126283279475,1679.3969277541073,0.0011328814819334546,-0.4157022954354726,1675.2061052168685,7.2779848827214355,-0.378352032458854,3.673920223383312,535696.75,1.64782037305556,0.6215529828952857,7911.933867825441,7002.247362526563,Positif
29.308774821333603,-0.4704284436760425,21.0,74.0,0.998837215091274,35.22895316789018,0.27248946194118995,-0.3758536321624357,4.207063506270317,0.0008761852870671372,19.51992059622484,0.31428978888360204,0.0005486293518116214,3.1920592798617484,0.9984153350434541,855.1486470386208,233.20625749863132,0.00039953019421629576,4.4926487871247325,0.9815932789297754,233.33252072159922,3394.675875605979,0.00048602078657186036,-0.3890995009479811,3372.9478279874384,7.817065190205523,-0.3435482503303298,4.457825919729241,3028110.0,1.4440844337783634,1.02312258236628,14012.86813785532,12735.579267778325,Positif
16.134550379442555,-0.4414563685301325,18.0,50.0,0.996173328561562,6.379006128388264,0.4036013864213924,-0.444819397310225,2.9839024881772915,0.0026278533962488105,4.609836362860559,0.4490657937762184,0.0019751776208176853,2.337611969822036,0.9984130466773946,258.4690271110712,146.07944679668117,0.001521030485062062,3.2119554666974164,0.9907235258536894,146.13102101989983,1032.3900947183392,0.0019173073807895679,-0.4746063043273745,1025.8598167818311,6.982471969098718,-0.41259919600237216,3.2038692547592635,1194250.0,1.7975730886118806,1.3913797777175383,5453.981297537552,4709.0204925593625,Positif
31.459965201537386,-0.4791767251561797,16.0,48.0,0.9989906426624464,5.193181773869917,0.4633943121384375,-0.5387504715810886,2.9672193716980595,0.0022584978820138065,2.995587783916512,0.5303454228128599,0.0014690080024082064,2.073783682453296,0.9998154286473842,984.0694513696526,202.72105263157897,0.001082728074803505,3.241016238751393,0.9976952718253008,202.7594631717068,3940.073394863808,0.001283114488549687,-0.5511106982780513,3929.740923555,7.706745030014408,-0.5063284346815586,3.0712515779026095,675585.75,2.16119417979718,1.0933891236052429,10915.117027242308,8996.488773629662,Positif
32.372793430126016,0.6223780256074279,9.0,36.30000000000109,0.9990467091128278,23.33783216064089,0.34926393122477595,-0.4558400764624563,3.7429443744025503,0.0012692141895141195,13.133791915791099,0.40281231324427,0.0007462016166834437,2.752060653551537,0.9995051127883212,1039.5021685940346,158.98000795799732,0.0005352399355822054,3.9502245147556247,0.9903201590605859,159.01815947833825,4145.478347116538,0.000676961346411241,-0.4729762217498695,4128.346818809088,7.917841631906688,-0.4307457651481944,4.034784357979603,2407425.5,1.6561025499571196,1.0689471440750211,7363.627434517859,6633.659587686394,Positif
34.0411807077017,-0.7713892691052576,4.0,56.0,0.9991377838511941,29.10541456314188,0.2829476133300757,-0.3944918093225743,4.01436572097869,0.0008530787145788561,17.72485265614494,0.32090145847571144,0.0006706034284549,3.150190507026114,0.9987671826604986,1153.927730416679,216.8235422494693,0.0005251615174837619,4.15182028243344,0.9895484643482836,216.88381476024247,4599.141124567286,0.0006240627701763452,-0.4142117941066021,4572.472740815989,7.935756706361,-0.35212313365137193,4.374159772574909,2937324.25,1.4638835805704786,1.1003288462720513,12563.100622022395,11402.17141465547,Positif
34.306950981542094,-0.5627283393492901,18.0,48.0,0.9991510797016604,10.01905492125001,0.40264787321221335,-0.4935641599971434,3.4930330908379976,0.0017805949097771394,6.871195474309222,0.44428298715804665,0.0013370461327599028,2.5576249891986134,0.9995987572817732,1170.6251959553774,205.04347673109402,0.0011267063635952328,3.532552693823036,0.996805723970412,204.86886951236625,4681.582727652742,0.0013239842915497547,-0.5204998103268664,4667.183860436977,7.76461542151835,-0.445891022687468,3.9330698435008107,855313.0,1.9117879212525328,0.9307267616944388,11013.540314646685,9257.196800381214,Positif
31.197719093965983,-1.9264100923717653,16.0,101.0,0.9989736196401268,9.67379208982898,0.5248713703529952,-0.5395570557695464,3.742348218989408,0.005416776559553461,4.654591338326278,0.5841439364121883,0.0012006954994922625,2.1309319005261376,0.9996684180405576,969.6658672050073,295.1466286834083,0.0009470409178093416,3.8780502087944386,0.9952662827760984,295.1652917978219,3875.318331503382,0.0010930646085622632,-0.5569514673818875,3864.56658163332,7.2380252556355265,-0.5051385671161078,4.0699701574614116,1067433.5,2.92388378160074,0.91949596655479,21491.746029560087,16401.063986544672,Positif
24.85098232971231,-0.9280527318301208,2.0,51.0,0.9983833715479218,11.001016337625344,0.4689328161695746,-0.5171470535630248,3.546640318054794,0.0028241008018706944,7.887401086987131,0.5285577589525471,0.0017092414512529714,2.291137411455977,0.9996525925883549,614.0434426124258,173.9679461812426,0.001384300507140018,3.5750629064775685,0.9932367756874844,173.98304750640648,2447.81627649457,0.001564119535905445,-0.5339670303495233,2437.175749080477,7.483089718806948,-0.4715596609672269,3.886543482103735,779464.75,2.223474077569833,0.8014650804141881,7843.108899826534,6375.80879307096,Positif
26.616174275678254,-0.5343280316901751,14.0,41.0,0.9985903992463431,8.333437072885973,0.3708735410170196,-0.4595041713569225,3.2493476692191576,0.001827029896880116,5.6089655351531045,0.41821488204362667,0.0016013102864172566,2.4588609581133216,0.9991733059167874,705.2854970716107,163.61623375777089,0.0012375081903300811,3.415420222337853,0.9953652360568852,163.6034854426928,2814.9323796133613,0.0015037794059860575,-0.4831833718470112,2809.7039489590425,7.425305051236084,-0.42096391114619547,3.5616008412550246,640257.5,1.673981623456804,0.9159895612921428,7186.891717983496,6287.036188068512,Positif
23.32621789720593,-0.5403595763112121,7.0,46.0,0.9981655160952594,12.425591167666235,0.3605182948930116,-0.43259198567806295,3.3586114600536936,0.0017256327970212398,8.327181335069412,0.4071749693012818,0.001432937329084233,2.668116625505081,0.9988510283071916,538.1373351506509,161.3330496108949,0.0011278478422625114,3.5266988791306386,0.990772022006183,161.3043846899225,2148.8427302899913,0.0013510289486177375,-0.4535875439756937,2134.827365678823,7.438332345324224,-0.3938870270407151,3.628916725166503,818677.0,1.6720928297052458,0.8480354157166743,6821.580131888497,5969.650033166201,Positif
28.797353261963963,-0.9963722070569572,28.0,59.0,0.9987955979899912,14.664032509960162,0.3422250321130829,-0.4245477911269672,3.8320543491768086,0.00193638500976175,8.85572908366534,0.40000462387494906,0.0011925191404105586,2.7073887292047982,0.9989041142571851,827.1602644272681,218.608288,0.0008797391371895523,4.0038376174046215,0.992289197455552,218.63000796812747,3292.6867393624925,0.0010352467579549057,-0.4371631677495692,3288.415926491114,7.4651375324723475,-0.3867806424041225,4.133630811365044,917852.0,1.6263585529969975,0.8377822045152723,12347.81411898502,10848.213670350644,Positif
22.95938753792936,-1.5679517448646063,4.0,47.0,0.9981065392647468,7.7097618764500755,0.3805091346624928,-0.4268992182413408,3.248669887422889,0.0029821985071916213,5.309308843853733,0.4281985669998375,0.0016649928186502055,2.429476452562332,0.9981451433483182,524.8878048724582,174.20365298577525,0.0012702816251607193,3.4700721045288434,0.9942242178555948,174.21457356531172,2096.585950796889,0.0015954716363721937,-0.4524222900571053,2089.726326011478,6.993210623807028,-0.3941257377588399,3.5076391296394736,1191883.25,1.7098362115883028,1.2880262765004478,7908.762921785578,6892.389723354638,Positif
40.55329440091813,-1.0292055421009738,19.0,60.0,0.9993923077168708,5.755647644196153,0.4766795716473218,-0.5597101192588556,3.010848687083545,0.0021607121733226045,3.4005493146813617,0.547634282492255,0.0013574241289639364,2.0982502987855938,0.9998951520964712,1637.7246736761679,255.91126346371883,0.0010662969265138311,3.113403898711889,0.9985309296000272,255.80402183128447,6555.16755023718,0.0011850226956452096,-0.5738324302778133,6542.3915073436,7.965896133973278,-0.5125474149656029,3.347938529010405,650480.0,2.327995681214439,1.0016815034619189,17297.343945330365,14047.895317354405,Positif
40.33212477372318,-0.6689626157871471,6.0,39.0,0.9993856287337852,14.897669321048332,0.3776811188441902,-0.4865377830583251,3.4969871965030563,0.0011006297006949334,8.302715554342576,0.4267432692834329,0.0008230864334811814,2.643349646078796,0.9997475044452472,1619.8083677391387,215.09704044272368,0.0006419863219030272,3.603604215391565,0.9960750121165186,215.0453834526484,6470.819739305152,0.0007621524912113115,-0.5037446589357409,6457.779381267843,8.173204303009348,-0.4450000357774588,3.6901148750125485,2834279.25,1.7895105650767489,1.4164871898416118,13024.335238908454,11447.308117728664,Positif
29.721859440258502,-0.4594082017578055,6.0,46.0,0.998869275759028,18.57191903452513,0.3101653818200133,-0.4188107804233994,3.6428224413407895,0.0010471426209027307,10.101803168183364,0.3677109159134115,0.0008329938440447687,2.8050214960773205,0.9991754545125008,877.9204087026739,188.46868239588972,0.0005735758312313983,3.897179089331056,0.990627894632652,188.5254550050556,3506.153143751515,0.0007036866424963773,-0.42919208943493337,3488.7064870161485,7.792176473768125,-0.3908989608310456,3.8460902580477305,2200015.0,1.5139012422186942,1.1783489627735149,9668.18548614822,8799.746512452777,Positif
30.639775555175277,-0.4621868879076218,13.0,58.0,0.9989359391146704,8.13704486941253,0.41200726741448745,-0.5069727502827548,3.039163751355336,0.0014494170382893731,4.6337631489650475,0.478027818549687,0.001203672065861035,2.3096305277948144,0.9997737908669004,932.7960811351512,203.3295804988662,0.0008561171067894769,3.2819243334747434,0.9962489970427112,203.36433095803642,3730.352417347312,0.001039372262170118,-0.5184802703142151,3720.984330435888,7.894590599859183,-0.478686671745364,3.2247595289272035,1436597.25,1.8907498882620195,1.3357505472497788,11085.041858036617,9531.554062960546,Positif
28.96610066728348,-0.9239735902504984,7.0,66.0,0.998809573393438,8.156170851325452,0.4240984546215387,-0.4945100406473487,3.4026547579226447,0.002565606743750813,5.251814616755792,0.4802771095492967,0.001284784379489788,2.3344185850443533,0.999578079918939,834.9460736356923,218.367761445852,0.000946368151376166,3.5774985579753014,0.9960921427485768,218.35357575757573,3338.712681153353,0.0011745389215702185,-0.5126879595943533,3330.093380286118,7.566466993159986,-0.4694083250224808,3.6595328103919327,1141954.75,1.9474290466408224,1.1767215686274508,12428.400783091385,10524.358173327939,Positif
26.059623049747373,-0.8374017867932049,4.0,77.0,0.9985296365432648,40.100530470781045,0.34216603623106084,-0.4116077107794365,3.5449691330033204,0.0014125360280575615,38.08819133034382,0.38862870907820257,0.0007991752442440532,3.040646825363884,0.9985693086553368,675.5839459317268,231.1723074425777,0.0006225101236621987,3.6422223699646668,0.986037662964644,231.11140063830646,2691.232267310632,0.0007714565263054247,-0.4452860669541019,2655.375443598088,7.606161250483714,-0.3731133641628709,3.852821948159296,1979478.5,1.6418473727192242,0.7433834520355227,13811.627813328978,12309.14004348221,Positif
14.52132700453769,-0.4873598397879937,35.0,63.0,0.9952801009455724,7.7083542770178735,0.3832707697126127,-0.4110527841896163,3.1685107361285505,0.0026467073678457555,5.609772174148184,0.424638630176372,0.0014566358306826368,2.4513339648202606,0.9972633239803956,209.48391259478373,167.2430249508441,0.0011293639930696614,3.379336794267912,0.9864946570414932,167.27902987281868,833.5160832604887,0.0014470406191696148,-0.4438053375594472,828.0551899886667,6.826565874821499,-0.3763631899721874,3.4084388270793204,910492.5,1.7215363283949952,1.1225547030406366,7034.852610090571,6144.497226229743,Positif
38.98095379520776,-0.16473535357598673,6.0,58.0,0.9993423279884508,14.24526435604028,0.3911600816154634,-0.5042613606161338,3.495684199034822,0.001110116048750806,8.055339292579776,0.4441115646383684,0.0010951114353912478,2.6124945411930938,0.9998039936994586,1509.8910021779445,223.51382860725312,0.0008208294151553314,3.63416472242501,0.9958955210728728,223.58069011918488,6045.035492180425,0.0009985973816378881,-0.5196565455961648,6020.30860561796,8.178326641975389,-0.4752806534123506,3.7646184989329954,1183034.25,1.8934431377173304,0.9235022728814708,13075.778343330727,10971.576633710645,Positif
31.631670781426887,-0.5308881787750338,24.0,70.0,0.9990015601585264,32.762615361862856,0.2810115686551913,-0.3865029749119305,4.302501717971953,0.0009315402084058768,17.775439869399598,0.32564551488843524,0.0005715118228294465,3.1566949581085053,0.9987242217888276,993.6243430061058,236.24657612157608,0.0004139759015125366,4.5115027559733365,0.9850447736569532,236.2896983301024,3959.7652739388645,0.0005000971198010366,-0.3980789965382121,3930.6756422678523,7.863225517782237,-0.3550118794028387,4.602342023368162,2883757.5,1.4853979580247112,1.0252335833662325,14403.628445387336,12975.62760236658,Positif
15.293059654245779,-0.23307379593523414,16.0,52.0,0.9957424646424556,8.481835624511469,0.3748317819739028,-0.4109230244628488,3.1906556971432387,0.0025130470962878744,5.773083238600483,0.4227879011232456,0.001265736850595023,2.4729041092298987,0.9976642699311432,233.1303997887489,140.37961288688444,0.0009691005549372812,3.3641171818572064,0.9857913796937467,140.38771700840664,925.7817064534283,0.0011985147198237348,-0.4364102046187807,921.3881194554596,6.923077586895879,-0.3736619131026591,3.4187670687889815,1206683.25,1.697094860124137,1.23998080713767,5048.500719661107,4444.543532363236,Positif
32.654670850100196,-0.7754082017582815,21.0,48.0,0.9990630804758064,4.4902374668284555,0.4922741089666092,-0.5631515739185671,2.7432936941675425,0.00208022892289604,2.832496209874102,0.5461582401791777,0.0017589505416854155,2.029061716918398,0.9998550330087628,1060.5781663839225,211.14085288889183,0.001334711753357946,2.925008768609338,0.9982595469992442,211.1831586579659,4247.960685323109,0.0016553251117465398,-0.5845349992767936,4236.900889664394,7.76561750455675,-0.5391709460436971,2.9551297115502675,680102.5,2.346611384541104,1.1473504273504274,11720.405881614624,9407.92739729935,Positif
32.24270338122707,-0.31645100317639857,7.0,36.0,0.9990390084917034,11.701838977902193,0.3915024470338915,-0.4857149664061848,3.2409665167244857,0.0013557720536616536,6.740612394572794,0.4509366041094871,0.0010655960094563199,2.4704277226847617,0.9996664653627632,1034.1898974436926,166.8380122046858,0.000755412710279237,3.478384769309512,0.995175382836604,166.89252536364745,4134.7823558154205,0.00093607293306455,-0.4997352502124006,4123.320361011374,7.848357144229157,-0.4611756902132454,3.4332297157335283,1911618.0,1.81553406010072,1.3033793270394578,7847.769169026797,6821.694474107684,Positif
37.218761907862906,-1.1400077656830614,3.0,59.0,0.9992786222343488,25.28522948415437,0.3320784587697069,-0.4274226421499665,4.1739347666499595,0.0014922045334231882,15.042406795658335,0.3773012246094405,0.0007217234866206013,2.9660738598341028,0.9991668430639756,1379.6702589549498,242.97103905325443,0.0005145811791246732,4.487495535800551,0.992201351426974,242.910844738084,5506.629031046678,0.0006632880641107166,-0.4469409954052213,5487.746520122411,7.844084005218043,-0.40804456988826426,4.3348348158030685,2673726.0,1.6422670028993969,1.0890021652832913,15508.662634050674,13649.508172901304,Positif
38.13506127897553,-0.6387539183911329,14.0,58.0,0.9993128483809862,10.17376046797244,0.4209779100403015,-0.5207682768829199,3.505910160884184,0.0018333430855797489,6.563859673562257,0.467298230827712,0.0010424485121025703,2.495556680085528,0.9997811505906878,1447.1676555858796,235.87771552376847,0.0007420910319030598,3.9303067351809715,0.997281904616894,235.78464628172088,5788.540804406352,0.00101107034154151,-0.5457104334494988,5777.665997735363,7.9634998104899255,-0.5072826278635318,3.552931709393002,874465.0,2.0253726295484635,0.9166533279978656,14435.138783316215,11962.927001925933,Positif
26.37445673527927,-1.383363445805763,13.0,60.0,0.9985644805920366,5.060957687271438,0.4656477262175445,-0.5123189220209654,3.0259515460110693,0.0038756289117230064,3.2631836099241447,0.5234783764190847,0.0018010343951066047,2.115067836914301,0.999517691495591,692.1918333321028,206.89806409819863,0.0013519817344326,3.3129146454797294,0.9970203731015668,206.86943919970852,2770.2477026269703,0.0016698526903838786,-0.5327435098255274,2762.9733511948357,7.249146286859037,-0.4867218503506238,3.1535698619862367,610026.5,2.14812507571898,1.054541356772594,10967.402051675404,8974.043462275275,Positif
27.46195750870548,-0.0421602857022443,2.0,45.0,0.9986757757584068,10.579954388188217,0.4910479002629148,-0.5424461841198616,3.0419787379194916,0.0022292995230198155,8.022725359818196,0.5412739001426597,0.0018769020982526172,2.199693757565205,0.9997911590153028,748.587127444509,153.4150297367779,0.0014078326428598748,3.292653316450417,0.9949273668508708,153.41220260362113,2992.2226896420325,0.0017832494223151867,-0.5626654837339025,2986.7560684036907,7.700173389445807,-0.5299193976672765,3.0562684025098465,1129120.25,2.3725739564158017,0.9593167144906743,6341.819599417498,5076.486229746904,Positif
23.18743899873084,-0.9872345387558108,21.0,64.0,0.9981435321691888,7.445799037777864,0.3869325036686084,-0.4612392843700514,3.1791906966158376,0.002270123091896293,5.492451337236904,0.42653575569674795,0.0012932799709992528,2.4441105110096735,0.999012015598658,534.7161103953058,199.08968855385842,0.0009938833670587982,3.4503595691153888,0.9949013380819448,199.15892546288967,2139.127243092873,0.0012903331647446125,-0.4925535082063362,2129.817258181778,7.323879866600737,-0.4334692692682072,3.3528661373633124,939329.5,1.7400912183532924,1.1575044062568849,10201.77138735395,8857.70160783991,Positif
31.7478326839725,-1.8497442268492656,15.0,88.0,0.9990088459312534,13.12679930527441,0.4238916548799512,-0.4673525612144305,3.9042364757591623,0.003520772886591002,6.434976426304903,0.500778015759276,0.0011103517967624614,2.421662254683038,0.9994169815632212,1003.1193926614033,275.2554343621877,0.0007638252057564936,4.1808347420440874,0.993862028090138,275.1438977389517,4010.741382341032,0.0009149242970842961,-0.4714701061527919,3996.769883261528,7.332520521575821,-0.4401109201745263,4.106192707356857,1019447.75,2.078606349568094,0.8645798319327732,19059.005287566884,15869.355976119661,Positif
34.87454739761109,-0.5694947497593981,11.0,50.0,0.9991784653124712,23.807146745548398,0.2850785514299126,-0.4047223685414444,4.254858101544663,0.000979661868137577,17.324105409844233,0.3228133055537482,0.0008242608801734134,3.1598796309656167,0.9987887561476282,1204.0727081857076,208.79761265592026,0.0006217271226482945,4.5135396712411735,0.992521289028105,208.57441646344498,4819.176403662124,0.0007906145225380298,-0.4267423042277961,4787.082690289419,7.868500384283539,-0.3793514195275319,4.487130629671512,1909196.0,1.4719994834158718,0.9808996133664734,11594.252889924092,10395.705545389179,Positif
21.75752112490729,-1.3323757409613897,6.0,40.0,0.9978920285447912,8.743716732261596,0.3634130622319721,-0.41202871389386425,3.2241792037815133,0.002671016156758687,6.041931285788647,0.4088723223429945,0.001446927546031268,2.5065857771309283,0.997769595450629,471.0060521685573,157.1044978724515,0.0010757795204191839,3.4758234987633827,0.9927164015285891,157.1543727225404,1880.5068041484155,0.0013665496321661756,-0.43692442020133293,1873.280868035112,6.98017106444763,-0.3831402661503661,3.4431112749789667,1005931.25,1.6499876452405606,1.1254209919261822,6495.3214181356825,5732.432721021641,Positif
35.217070935234574,-0.8954107949969636,24.0,54.0,0.99919435538653,6.026591675895162,0.4690582377325546,-0.5417387937631848,3.223680673278444,0.002658316991840904,4.022569213732,0.5206732249949967,0.0012723462256513164,2.221595138497775,0.9997894415238584,1233.7879323544364,231.7094,0.0009551857075695113,3.5233226215634423,0.9980848112956442,231.75655592469548,4942.471908847081,0.0012046302076953734,-0.5658696204135897,4928.380411928905,7.726279712140262,-0.5210618117141605,3.3459826183346824,543050.25,2.287676924261325,0.8985864113087096,13960.109432237812,11277.597527951277,Positif
40.483387121364686,-0.4425321349104207,3.0,34.0,0.9993902084426206,15.473174951713816,0.3712442501700114,-0.4820100396548824,3.500661439250606,0.001106121104993706,10.432040534920882,0.4110888278932103,0.0008248685623930696,2.7358904183517603,0.9996592202179776,1632.548789180673,195.01990906548056,0.0005912166563616251,3.871425941153349,0.9964772105233812,194.8552988684366,6523.994256706086,0.0008130888925211438,-0.5092292447187845,6513.243300029085,8.101929756757418,-0.4695615938049187,3.587216083715956,2823551.0,1.758352798526365,1.3949720542422577,10778.492678541155,9381.07815733891,Positif
27.137510317361,-0.050702020131105884,16.0,69.0,0.9986439656871802,33.82452338697842,0.30548504677126564,-0.3830705830333647,4.168416868922726,0.00097939653474674,22.60723217820001,0.3419932380316886,0.0007238235109948597,3.2309397735451557,0.9982288864242576,731.0387028446638,211.35989289626357,0.0005476527316691406,4.164442264445623,0.9812510949191442,211.25878045269715,2905.8078482518104,0.0006830823409388085,-0.4041574120596256,2884.958344542101,7.755458648230796,-0.35809628657982434,4.291413500950791,7509566.0,1.5574696764752596,1.6035539215686274,12010.797110928414,11069.152022456245,Negatif
39.80669330789024,-0.6349201161212686,27.0,82.0,0.99936931310896,3.2207698219777345,0.5458683246394734,-0.6086479066695861,2.584564825652292,0.0022411306922880347,2.4479234113403017,0.5912366192876035,0.0015086395849302,1.922801997890212,0.9999298856190044,1575.8045106738064,294.2346947285189,0.0012306274234355707,2.8070847908184344,0.9992462553150702,294.1239786637067,6309.391252175061,0.001510120121167066,-0.6349425153701105,6299.360743501296,7.969313411314616,-0.5848801829237237,2.6955312918090493,1043446.25,2.8415363954314725,1.5679944960440315,22410.999048033198,17172.67830764976,Negatif
11.613684862705341,-0.9184914668676682,62.0,139.0,0.9926404393365108,9.074116430979002,0.4395719959068665,-0.3822135693507521,3.3164359880919667,0.004244719199870059,7.303990954776156,0.4725689775276046,0.0010510867838408801,2.54932443715254,0.9943146335102524,132.96821112862744,306.0702382742546,0.0009061269523807928,3.421313825631243,0.9773370002087224,306.03424953590803,529.6746109208178,0.0011055230172101363,-0.42576910146345626,519.4358756317089,6.466805631183362,-0.3358374165972787,3.5688153645777576,3984899.5,2.1850528484299563,2.0199651547365933,23305.3041023927,19676.51814607744,Negatif
38.78489340300309,-0.21503526704183212,23.0,89.0,0.9993356664533871,10.19398902833991,0.37177754198907204,-0.4907863612341008,3.301593764476712,0.001011703826831577,8.113730521889691,0.41398131668700383,0.0008161634354917159,2.6587237987198344,0.999656437837087,1496.6430353082615,291.2829401351205,0.0006671965827118925,3.4364296154175342,0.9973916614132152,291.1899136627256,5984.339202363146,0.0008084687233387295,-0.513675038039054,5973.439615438285,8.058077231360757,-0.4632726691747426,3.525901406644804,3952710.75,1.719163072450986,2.0384081196581194,22542.83768188934,19870.50467422265,Negatif
45.05402669872817,0.3689118465602989,58.0,93.0,0.999507599056776,35.39317950391761,0.3252136397709645,-0.4396255258283565,4.547780160398627,0.0009544603061808779,25.27815354044861,0.36306843027868174,0.000594303198081542,3.2254475244534024,0.9994658301553186,2020.5113257911544,292.5818906082427,0.00045370846625842834,4.717634292670449,0.9929582367180902,292.47413529565915,8059.830953866214,0.0005740317076469459,-0.4604043272176907,8035.038604418121,8.250756222787258,-0.4160099410120666,4.654642833478781,6474061.5,1.6627895574085845,1.4296288678641618,23985.128117606044,22057.240884829702,Negatif
37.97901078400937,-0.7799415837553868,63.0,114.0,0.9993071938785172,15.43508137367201,0.36933223143107935,-0.4720820762733549,3.2749842530973927,0.0010215567079557668,10.196196898014918,0.4084194551748988,0.0007844286541362344,2.760985570195091,0.9996176273984309,1433.2457858713315,339.9272460579391,0.0006133400162596766,3.4610837384566766,0.9954977072348582,339.81315043438497,5723.181401826019,0.0007590468645500633,-0.4925771527717559,5713.294203171346,8.08546374514776,-0.4434441993596415,3.479911907812797,2527825.25,1.7645709903422648,1.3195981841012268,30164.205913531932,26641.827758363404,Negatif
27.40917959454217,-0.5829294149762902,51.0,97.0,0.9986706778979632,3.1489456973861896,0.5164108227011491,-0.5855843625693424,2.664636303957756,0.0023981753082400322,2.2145207261727227,0.5650769461837077,0.0014576567762810513,1.8997439996105652,0.9998744965010896,747.0588877749395,273.8688878534501,0.0011695894866036072,2.854032796454377,0.9984600867361559,273.8307408721037,2987.5518262097025,0.0014477294625355069,-0.6146673856776331,2984.0811486053717,7.695868218786206,-0.551363852894469,2.8831553697660293,3691175.75,2.4859543979973315,3.1216337457492225,18818.8538722154,14927.525884993991,Negatif
10.105937555544964,-0.3299543359950774,77.0,135.0,0.9903034979801624,6.27101114088835,0.4769405278200766,-0.4092786018576494,2.9945692446860135,0.005028795329196919,4.676566025299769,0.5186795225829415,0.0013751048935184208,2.295414091817477,0.9957801369016088,101.19719566118509,295.66495198902606,0.0010874154312792456,3.2098583997438666,0.9774077439569412,295.6460060334119,401.106239466928,0.0013695646537630445,-0.4459472000058132,397.4339320144645,6.348882104867643,-0.3798103084440858,3.1098331605037965,1482312.75,2.4321073875318118,1.4322724161533198,21580.90466555729,17730.55047730753,Negatif
7.887273832306956,0.4973025110840358,60.0,95.0,0.984179490265734,20.026901044846444,0.28864952830410384,-0.191585989540989,3.6936959769843702,0.003648662346181639,15.697745858307798,0.31802104954185484,0.0008489793840470911,3.0968834161223024,0.9429442879794327,61.81255206487185,208.52371046650487,0.0006461966150158046,3.816601299245813,0.8863428994042488,208.5104498269896,233.1321130233409,0.0008686128663897689,-0.23170221637352215,224.1174364377657,5.900362929281662,-0.16537226574426836,3.7674646975147694,5202571.75,1.4554248060252726,1.7643164114961054,10765.259194419094,9853.077604649521,Negatif
10.412252352593836,0.07490709139706911,132.0,163.0,0.990860485229218,11.778813739630053,0.34797942729083786,-0.31624561350232216,3.4074778627588587,0.002942754136734357,9.772080088261596,0.3702228872726062,0.000745104826354377,2.794298680164192,0.9867010200822376,107.52097372571372,351.01343322138985,0.0006015122502780754,3.5525029884436865,0.965603759263058,351.01880128736593,422.9659804563999,0.000830082737672783,-0.3699432754443413,416.30446651729284,6.386252031821145,-0.2858165845095221,3.5804723773111653,3604441.5,1.6279042799319243,1.8464677567778012,30625.160057865312,27277.09174828282,Negatif
11.421224725009331,-0.7298761465497388,76.0,143.0,0.9923922190969342,6.532561825271719,0.4525564588784825,-0.4170520631252653,3.2806542762217146,0.004856377434052538,3.524486755287244,0.5238512468468527,0.0014143734889048311,2.163026119198992,0.9974645176064252,128.60435444550967,312.895854226925,0.0010060973473638073,3.503452748416388,0.9771476698199062,312.8766377473401,509.4781074126513,0.0012087011136652061,-0.4292287207846223,506.47161362905166,6.458902629855922,-0.38387373674676734,3.5178252914613743,2698193.0,2.1703159849937275,1.954658385093168,24057.685594767117,20025.212825882285,Negatif
7.923004265200307,-0.4434407197335077,144.0,172.0,0.9843196278494872,8.77447119749117,0.3693989017753891,-0.2966411065414398,3.2253241278989586,0.004701707459869946,5.699316124441634,0.4293488760124069,0.000987650457197858,2.4696952109223282,0.985322589477048,61.95875158208218,365.5783602576285,0.0007767230102365951,3.323668085788381,0.9397184010752576,365.5772948642267,240.56149577719043,0.0008719678118282977,-0.3134033287128582,235.26130363089032,5.977918940450343,-0.24074043468341394,3.4998105584716512,3326148.25,1.6850176751493249,2.0257873327613054,33107.006373194316,29110.171332825215,Negatif
12.080668185790332,0.2253140255876901,100.0,135.0,0.9931946189712229,35.671077346499835,0.2692133310850804,-0.2410559290743665,3.725568209374394,0.001882741646700532,35.05402584691594,0.2832818348180579,0.0005296916756148115,3.4442775666228314,0.9689757321719908,144.79240769820538,299.8672482220521,0.00043384797970252213,3.6646592781081613,0.940092999305037,299.84492349792265,562.8393810883135,0.0006267828487894803,-0.3021726366740093,537.6530713014508,6.5554837130148185,-0.21152509776841694,3.8036518692359103,7133261.75,1.4132345638101658,1.5663624824929967,22372.62842987291,20622.423540290616,Negatif
21.836679539532962,-0.95013244983539,82.0,146.0,0.9979072517993433,20.67911286350587,0.2825828062113626,-0.3576383780988033,3.737667682897209,0.001171534699854048,15.699286890352438,0.3043152006986555,0.0005915874206359747,3.1246205051112788,0.9961787880526368,469.97196310343867,348.76178130157456,0.0004930979318816876,3.83926057270307,0.9850783801094534,348.72259769155886,1871.4355051975,0.000634989883057714,-0.3972468659024127,1851.0102403195488,7.36778143461533,-0.3166822305067232,4.000026026424169,3711992.0,1.4447352214457967,1.4715086505190311,30642.942665620252,28140.97172612631,Negatif
8.138808483232522,-0.5148775519307223,93.0,149.0,0.985127945075265,3.8884009091057674,0.5009312719214669,-0.4194293894186011,3.2011689558682845,0.008072577682256032,2.5931536447974226,0.5555040574099419,0.0013697411965837242,1.9850851197001207,0.9954480203926624,65.52921316961509,320.6999172890262,0.0010762350032581676,3.2998084422249336,0.9780513382165726,320.6921317000453,259.3610648641479,0.0013250304465673324,-0.45618859830981895,256.83661703580583,5.988514023659167,-0.3699889674654657,3.3502847219881247,4796733.75,2.4356001996219514,3.2417856890957824,25422.28365727153,20749.453282621307,Negatif
8.605405058748008,-0.9852820001237396,118.0,158.0,0.9866760815650792,8.476573092169124,0.3953724409865896,-0.32032479639556216,3.125069942387235,0.00523845297965174,5.303792814267361,0.4534942353075583,0.0011436010784899092,2.4133285004336558,0.9891514232739472,72.64138964112499,338.5928336065438,0.0007959426368469932,3.391837594076184,0.9522727716193568,338.58723725956776,284.17011125478894,0.0010250700629370608,-0.3437536409190009,281.0262113908102,6.051571920695508,-0.29649689062134765,3.2998341595762537,2049208.25,1.832704267842041,1.5809529491309706,28302.65818846569,24556.161555914867,Negatif
20.664144908556658,-0.3297947349598484,1.0,28.0,0.997663588985343,24.86941451319759,0.3824830878045061,-0.40763177794678185,3.241574366910628,0.0019299033267118886,18.583347308401805,0.4269323091713168,0.0009399191796426481,2.8968961710825383,0.9981775139374806,424.2019996012996,113.5620923284097,0.0007223159147464242,3.428303338717822,0.9786869132000628,113.56930236458156,1684.4834720998133,0.0008831149024880492,-0.4302394976832597,1662.4489950735278,7.307370403134827,-0.3765973842457216,3.207803179114266,1775367.25,1.882272578487868,0.8589918056774949,3644.1809260861296,3237.3037810362903,Negatif
35.47703252607761,0.23361220645029465,5.0,37.0,0.9992061096763164,11.975955936361638,0.4323117619434408,-0.5260696382944976,3.1306483091373654,0.0013971406608675769,8.555261984392418,0.4734126370047791,0.0009247734826133618,2.489742157030948,0.9998102816662879,1243.8815094415722,169.03438440285905,0.0007171540708223569,3.2862076019610535,0.9964266676972661,169.156867335563,4998.847577700348,0.0009164770792468482,-0.5518380537769413,4964.038521417744,8.075050697119396,-0.5052590769274079,3.3576757244129887,1071970.75,2.1059999127331173,0.9246503267973856,8412.31291809456,7216.472121890407,Negatif
34.43266636638206,-1.0419200856733222,6.0,69.0,0.9991572620717268,40.93571091051504,0.283160105754292,-0.3839864546045971,3.9641644350146175,0.0007962843430146677,29.942712380212374,0.31443062508608305,0.0005507826030078904,3.31317629287346,0.9983345418159276,1177.3369290507526,236.98088489541485,0.00043536452232852363,4.226042741102821,0.987477909547176,236.916520979021,4699.595417292941,0.0005473321268346724,-0.4107186409135676,4657.958691833462,7.916538231142581,-0.3547098535055821,4.1414770438937625,5048546.25,1.4793279434024218,1.2165413324420675,15111.4436087097,13885.927052366673,Negatif
43.47698278162631,0.2853645958409746,10.0,67.0,0.9994712486235602,16.136837713590765,0.36781727857084734,-0.4879269021819808,3.4708164623718334,0.0009761514892251043,11.564378353409369,0.4110511302358513,0.0007647351214493505,2.725562454753025,0.9997212384940408,1879.4031458360205,227.4815770736917,0.0006136843963029203,3.6715783632970393,0.9967495313657556,227.5391642682017,7517.619243973409,0.0007360586138932796,-0.5090908315937601,7494.54783910611,8.21612691504971,-0.4536719542246381,3.7415179819423625,4535991.5,1.7318040801982462,1.7373693733613973,14766.774543057749,13070.096782200184,Negatif
35.599363627825475,0.5669753152937805,15.0,68.0,0.9992115521429124,49.08931390884218,0.2429734600859089,-0.3767853084089421,4.708797873842712,0.0007563101832440897,32.26672844082033,0.2920057945260193,0.0004982162047598715,3.420370147148436,0.9987219422814148,1251.158744291799,217.58000644713348,0.0003470213675824426,4.9358405384327515,0.9835060516448351,217.7372498146775,4994.221881539532,0.0004207080899479508,-0.3868374333499176,4941.394053090691,8.093526067573311,-0.3536320135005276,4.739266266572451,3964587.25,1.3597359344072946,1.0105056759545925,13156.400929948542,12394.523431999783,Negatif
48.25030575097278,-0.2731358615753776,7.0,60.0,0.9995706481333384,33.805702648739945,0.3182318801741953,-0.4450716429355737,3.777770737738382,0.0006557785831378964,21.19560758082498,0.3612537910454296,0.0006617480000611435,3.1278811150472365,0.9996091696412979,2312.644798767989,256.0635787071733,0.0005015067688351892,4.004357824252349,0.9935123628355294,256.0705574136009,9245.103237927848,0.0006013239811877415,-0.4571497666182546,9203.706497591018,8.4177007389185,-0.4176839112889545,3.928613682207061,3026097.0,1.6051663184349725,1.0103856209150326,18843.15163491717,17154.581180266432,Negatif
35.393152028740296,-0.2519733659187531,5.0,60.0,0.9992023452393404,6.649023979809289,0.4462912718577017,-0.5385024759146788,3.051009291730777,0.00167596581068723,4.406296564640267,0.4926530878036703,0.00114078965402928,2.2302701226891584,0.9998180498055954,1246.2210023037842,201.62143235275326,0.0008972296045330494,3.2601427152277127,0.9980388474325388,201.6281572819693,4985.654125897221,0.001120264833985924,-0.5666434158392661,4975.678697670235,7.9056845653640755,-0.5024812703618056,3.2319656085617576,2915434.0,2.036773911355012,2.049865436370627,11187.324100282156,9444.845437324837,Negatif
27.996006665178687,-1.2901057065650792,13.0,69.0,0.998725751674278,37.944738770386465,0.2659332439337402,-0.3377538846916196,4.222699136963653,0.0015713709901820307,29.19418460726823,0.305870790472725,0.0006142278958356773,3.3090638628411524,0.9955549127112329,780.112328100653,232.5727039256451,0.00042440876600412063,4.577039596378546,0.9834105685802536,232.50503205908606,3102.596821525236,0.0005869237894779076,-0.36404146021586603,3076.092851875095,7.363183734248273,-0.3238203083383762,4.321084542046249,1864698.0,1.4062325640083075,0.7775169260529324,14012.238208890923,12859.899682332392,Negatif
24.177085370674334,-1.0988526726106391,5.0,45.0,0.9982921498272904,6.079654565737053,0.45572280169089,-0.5074221512140558,3.0827298959422875,0.002656565578324154,4.204956175298807,0.5039001442968225,0.0019864923274407363,2.2474663545811047,0.9995092768198021,581.3036781719038,161.71612800000003,0.0016551408997500015,2.9967128658867983,0.9958622388061904,161.77101195219126,2329.031723836499,0.001888859583516037,-0.5294499780755637,2315.9915446876184,7.387247019561784,-0.4650449751495944,3.4773191773912058,380543.0,2.127801654432772,0.7649128974298882,6935.522183796657,5772.050622860627,Negatif
37.303066026026244,-1.2923519948138906,25.0,85.0,0.9992818768071788,11.652814650492013,0.4392942670493711,-0.5037996881963409,3.652279872360465,0.0030986211840361424,7.94568432068432,0.4918496643670735,0.0011371591447853126,2.459316692329458,0.9996101475716228,1387.1220457064153,296.9086354090577,0.0009297038325169676,3.639651178306891,0.9967274032923872,296.9155064155065,5542.841368432681,0.001055245431400852,-0.5229365527975878,5533.098493727739,7.609982272643419,-0.4660785765695534,4.127658162130757,1022233.25,2.1182633742,0.9107942166765696,22359.88034682476,18392.763121942782,Negatif
27.62785915061618,-0.044614510162807784,18.0,78.0,0.9986916108463768,16.947715180956585,0.4233376595673359,-0.4697796072117287,3.6568800614294736,0.0022595441729961513,10.757939622246633,0.4652195365813635,0.0010966953231896649,2.617478642822196,0.9994153876367868,757.1681962861313,216.18868147448018,0.0008822466697611793,3.7404177618178394,0.9909660101162442,216.1981766337048,3030.4706276594734,0.0010355291148946245,-0.4899568707838494,3001.3383200672906,7.626923133655978,-0.4287733873611925,3.907570137087143,1292700.25,2.0872753555201293,0.8565442061301054,12219.36270624936,10380.5129368401,Negatif
37.70470834565861,-1.2439785876377167,18.0,105.0,0.999297083968308,25.91871090882695,0.31100396269435115,-0.41841895759565895,4.141111039309502,0.001175379730129033,19.255705957909306,0.34546367467921113,0.0006104102138215789,3.0994969247317563,0.9988994478795902,1410.3807808746933,324.6866412339808,0.0005110299748060438,4.179046385132004,0.9932292946608324,324.64791851925037,5650.727428480386,0.0006059955735041473,-0.44295105665505136,5606.376753318764,7.876511856379995,-0.383271166614716,4.53385943270568,3142204.75,1.5330273783961252,1.1877802123714816,27086.92829752394,24223.89427514503,Negatif
37.09697090127317,-1.1088314617003177,35.0,110.0,0.9992738812734424,85.0471888499984,0.2336367896720527,-0.33512957805538085,4.638970767476505,0.0009067352557687647,52.8604450577885,0.26382953589856223,0.0004045567676031663,3.7411374569609714,0.9968929441491252,1368.4806521372009,341.8380448606775,0.00034984132414715734,4.5757020402643755,0.9723181000779176,341.80806164107867,5412.568185254393,0.00038448962365388175,-0.3488735536065408,5343.0940189998655,7.897459116975986,-0.2913941841053045,5.124305696094821,2948283.0,1.353235199954125,0.664669183181294,30143.995224317157,28030.520437761854,Negatif
33.63585139443186,-0.147323593645115,15.0,58.0,0.9991168968099592,28.632319097697447,0.3572518315524847,-0.4563822878285034,3.5007309988732915,0.001268492718172918,13.058172156884597,0.4068632126221133,0.000864401178215108,2.7695097290099846,0.9996323267346896,1112.406991590884,211.7531347962382,0.0006649079242250881,3.5082874063245555,0.9871908446630552,211.44357535671818,4463.959323691255,0.0007530128369254327,-0.4628926165103622,4411.049251139812,8.041847806172843,-0.41185075544898064,3.9296384780595366,1536886.25,1.7185364223132944,0.7642598670369436,12104.558334382016,10709.460625874637,Negatif
30.319214766649818,-0.9073895863684268,5.0,61.0,0.9989133444157916,8.688387684576554,0.42462793705498336,-0.5139718045737144,3.4402395259561955,0.0017778192612549913,5.417660096199188,0.4722116434945201,0.0013128272634666991,2.346859264586324,0.9997140218804548,914.9818722683067,213.8904962192817,0.0010885020088327352,3.355460609617368,0.9963727140025862,213.9380788456097,3659.453031751968,0.0012609590778294502,-0.5398350819807305,3645.3039236114205,7.775645446473253,-0.4619492479983249,3.943757830831327,1839850.5,1.9428156902702052,1.4508634256305561,11948.452899619866,10113.619745252592,Negatif
36.46870848511917,-0.5498260685220089,11.0,34.0,0.9992486664008404,18.62616444382868,0.4062870433965723,-0.4880294220925588,3.1969466039271874,0.0012277384065595852,8.635857475857478,0.4450750428564117,0.0011467724743238154,2.568860780359916,0.9997259985730632,1313.7757728051438,187.29050025400397,0.0009621300128953928,3.2209912279575565,0.9931237538300411,187.12376791517926,5268.192417663879,0.0010254727887595721,-0.4994972744541236,5223.57410073471,8.000927176056155,-0.4299581280281285,3.6223339469339897,1395108.75,2.006564310909265,0.8640320855614974,9978.568208792956,8636.717550736827,Negatif
27.285712631324873,0.0909160861576958,5.0,30.0,0.9986586365744876,38.61256999485924,0.2935471415014027,-0.3751558745857423,4.0090983775886615,0.0009826430851616534,27.488369996393804,0.33191041523847,0.00054431675404146,3.2995476825304406,0.9979974886863306,737.2647254625044,135.82116794929834,0.0004279455678765516,4.18871818231401,0.9800364619934898,135.93269022719082,2934.760038453249,0.0005145905749470665,-0.3949288741032488,2898.5757485652,7.7283876991989855,-0.34070191547270273,4.211099445189921,2135732.5,1.5249445547284428,0.8080550016616816,5398.9905991770775,5015.421902899245,Negatif
26.62312161174676,-0.35119441629763226,4.0,40.0,0.9985911337880976,12.064497350029203,0.4485927918217757,-0.5047936770638457,2.9194583828859244,0.002177240607933948,8.228098416824198,0.5019310722408328,0.0009892294627527074,2.336730214539726,0.9996254464989924,703.7475246654867,154.37989426608226,0.0007565702729296625,3.1419462897000687,0.99322366370766,154.40090678835944,2810.038708111966,0.0009140588721827064,-0.5249284467257647,2802.590753960784,7.597531790147237,-0.4767965586351202,3.0548024343165747,1631016.25,2.156616240203923,1.1213162229661509,6605.449960022257,5589.085804969687,Negatif
38.62716186710367,-0.8527251258893741,5.0,52.0,0.9993302334904628,29.06624838796689,0.3323129288821694,-0.443337181098988,3.7915158867385648,0.0009591074543976897,19.936453704378227,0.3708371658832259,0.0006527312411861798,3.0199431901613285,0.9993783360053984,1483.461658259761,226.18453615777938,0.000523579104611166,3.8750072587019058,0.9924676729127404,226.15915349311572,5928.081649112224,0.0006351417516786216,-0.4663471470260872,5892.7697658138795,8.044650416781979,-0.4097953006015233,4.082629664376917,3983086.5,1.647418700647491,1.23984461709212,14192.691116177532,12748.415092772993,Negatif
26.100360942461204,-0.5295472044220174,8.0,66.0,0.9985342161758284,16.219703192805657,0.3638737398401402,-0.4345251150409165,3.4428292408463768,0.0014724522361630082,11.114185585204263,0.4094693700598642,0.0007828775551875861,2.7416880983227503,0.9990255076552214,676.1104816332063,189.2147734460353,0.0006136427376010545,3.6029191613525344,0.9903116661091106,189.25167154499542,2700.559272487161,0.0007343159858613227,-0.4544362904258308,2681.487115160031,7.617420227440747,-0.4009882917884432,3.689131028753149,4516429.25,1.721204256165212,1.7315096927239704,9497.665226319084,8391.037236922657,Negatif
18.063175571919935,-0.7877096541180514,12.0,68.0,0.996944496582504,48.49055113498334,0.270789569627143,-0.268552794842968,3.7936488332634077,0.0016147306342399663,35.38241756026769,0.3109773699845035,0.0005412121806320006,3.4111025632371987,0.98790934039235,323.69453938586867,176.69385299767467,0.00040925860570609733,3.9010941595968553,0.9417597938878076,176.76217687074833,1261.8885346414245,0.00048646137042519875,-0.28561962424168263,1233.1468981794349,6.986669188577196,-0.2338339418087538,4.003757542604136,4801958.5,1.4530389111974331,1.094914991312981,8005.7598478423715,7382.047978792456,Negatif
40.11631724188005,-0.4210647208599769,5.0,59.0,0.9993790049943652,51.853249837962586,0.31383383298171746,-0.4179777334014727,4.0139795382029,0.0007466905215848446,31.17307403835849,0.3507527794324957,0.0005918917021418766,3.280798832035037,0.9992463906468864,1599.1075062490165,225.71977425423282,0.0004707981446352529,4.164241713144662,0.9850327988209078,225.73157612771888,6358.609851549889,0.0005629474115624238,-0.4342421469458939,6331.158845667618,8.18911443610435,-0.3875870835210742,4.255412636236487,4829681.25,1.6102018264778892,1.0303857490708703,14476.845282471711,13225.795829811794,Negatif
28.862797984951662,-0.6304174231087815,6.0,60.0,0.9988010470803832,8.858734580662867,0.4194654630242508,-0.49750614944628,4.055773804387708,0.0018312485436748492,5.550391946769736,0.4700408096203404,0.0009992027620580077,2.359118423255913,0.999622972993754,829.2989364129879,182.7691506421903,0.0007792761166480405,4.144954348717082,0.9959415002848994,182.75551218049182,3312.2857709742025,0.0009418085922518404,-0.52191252926789,3304.1767139499934,7.6629520318604625,-0.4532990657707629,4.273447065847438,3658912.0,1.9364373961078185,2.028962672025332,9119.941252568664,7914.898037228462,Negatif
30.512948478184796,-1.6922856952054364,11.0,68.0,0.9989270847030632,31.816505793503627,0.3316539234735596,-0.3639370400153595,4.0515983885342335,0.0027529778174808428,24.872466173733713,0.3729870286035623,0.0006636245673283828,3.0177396625002517,0.995973070861608,924.9891435965835,247.42951969914944,0.0005087576943681103,4.20656733795256,0.9885092972853678,247.40141845755315,3694.9479008588532,0.0006426691282559673,-0.39666105673510105,3660.428234552419,7.072405878526107,-0.3311458229996312,4.320515196860794,2524457.0,1.611152497633847,0.9460403242569112,15908.699890169804,14171.934461491765,Negatif
31.776429737157216,-1.6313738175552992,15.0,76.0,0.9990106273334778,24.08397263724463,0.3166707485961697,-0.3730251295677598,4.161294394447311,0.002306900303393745,15.074969961424141,0.3615604689780296,0.0008768908955597695,3.0089073066617344,0.9973877971116968,1006.8241028665108,256.22532975667053,0.0006324097741119702,4.5833043386219465,0.9899084809138492,256.21692594700556,4011.8691355068877,0.0007957522913649984,-0.3882741871350277,4001.7353338534163,7.324202091042433,-0.3564012302140368,4.188916615079149,1519537.0,1.570343414608228,0.8527816682228446,16986.59976242692,15186.365979284896,Negatif
22.79706569984805,-1.2355574903687074,10.0,62.0,0.9980795312379354,6.174328005382259,0.4571388195002855,-0.4972933867848938,3.1532935830779487,0.002963287570861274,4.120552488306111,0.5163711307737141,0.001890563584736525,2.210198847003209,0.9994381990918692,517.1536516725319,188.56144837797817,0.0013586557246384762,3.5184607409508364,0.9951843893812924,188.58646205752962,2065.869205292969,0.0017110598400862536,-0.5148168272944328,2062.498808605851,7.280319536461847,-0.4831639746059922,3.1743694536734437,642901.5,2.1475624312834034,0.9819202372306948,9122.769944309604,7555.244748166477,Negatif
16.379949282376124,-0.5332167032315808,11.0,51.0,0.9962867069024433,5.321790460443025,0.5532841277015619,-0.5194221752417603,3.1190733640344432,0.0070432195847105845,2.8799675441759818,0.6092714809646252,0.002164047041262804,1.991109387020835,0.9993773809362428,265.2974907631051,143.08043458578538,0.0016294881612943096,3.4571249890407945,0.9912109190377392,143.14702488279843,1064.996775317435,0.001963513471887736,-0.5367402031899778,1055.5604140733012,6.836537969806672,-0.4964093392875109,3.1176571130047983,294341.25,3.4444488460436453,0.6214440013293453,5143.889508147719,3915.9732522598247,Negatif
26.164033850125712,-0.7182996903592436,31.0,85.0,0.998541331376846,11.545048061159116,0.3640498738770601,-0.4466942134266684,3.3993880326325696,0.0014986238603778234,8.302137845104598,0.4081870063353567,0.001139884350546557,2.66333986891623,0.9990798585068048,681.1861519691993,238.67707429322812,0.0008697725690595588,3.7587524709083895,0.9933223085853188,238.70455767591315,2719.397637434689,0.0011051345912700974,-0.4696339566280981,2711.1583924178854,7.5751198478819335,-0.4253378799858984,3.4857944407343187,1757699.5,1.6830047745280137,1.2882052053557995,14583.151521737658,12786.480826081646,Negatif
22.078365092425546,-1.2046140007622164,13.0,61.0,0.9979527251696322,16.262780285769345,0.338939257107607,-0.3876470021489671,3.5382936840748727,0.001989049636615111,9.478882994400237,0.3905566843908653,0.0012462680101808512,2.7428516356446124,0.9978835778662888,483.9742196346742,189.12539940828398,0.0008182054385548822,3.973110721693431,0.9854972376585248,189.1735190097259,1929.6732362755795,0.0010917939126132488,-0.4018998020997167,1918.787895696056,7.230769725044969,-0.3761670511475789,3.5573607373581417,1100896.25,1.6211655560123472,0.8733303282999024,9201.525181879164,8188.270321269518,Negatif
32.723311241472246,0.43247433598940177,0.0,31.0,0.9990670032533592,11.824606297702367,0.4429768230771,-0.5218417765326571,2.844242448867901,0.0016302267258814453,5.491433789954337,0.506895911344826,0.0015868020162277134,2.2776678894826845,0.999838486196039,1059.0635141067223,140.42886752999007,0.0011049262985692444,3.0909075045735186,0.9943409849103998,140.32982667616386,4232.798908919234,0.001318505018435027,-0.5279505562269603,4223.550402750683,7.956081627191968,-0.5019784447240576,2.9886323171594538,645684.25,2.1758238320787666,0.7185231539424279,5966.60821012312,5088.980272579549,Negatif
23.929408747255604,-0.658348703207,13.0,51.0,0.9982566752866256,5.945638933481705,0.4239317721370949,-0.5035918680491787,2.828150912758675,0.0019444178817717933,3.6829229718557914,0.4761066304038856,0.0017587951573461774,2.197506122666341,0.9995858549878476,570.3366403465725,172.4926080591355,0.001334657007653884,3.0291915118567605,0.9958575190950248,172.51607654631027,2276.2683173960395,0.0016730061490224837,-0.5283256410079611,2273.120116599355,7.4991094234446685,-0.4657981973079914,3.0543565249508253,2478726.25,1.8948986202065032,2.043305452010789,7838.649240162504,6711.232800611983,Negatif
37.64673577524311,-0.5126677458815366,13.0,30.0,0.9992949189747288,19.68493366435984,0.3901075595555659,-0.4853278608197746,3.477741858112827,0.0012195892513845938,10.311019343620954,0.4121242385652085,0.001248694038434126,2.7121043648514402,0.9996612988948148,1398.924796000365,179.64614813520836,0.0008372399384012222,3.9337187284322055,0.9934183692563754,179.40339056726796,5612.482266269762,0.0012214947874913808,-0.5048357902365983,5582.373088034878,7.977984733789184,-0.4903517014315648,3.4746318058157346,903034.25,1.991816548725921,0.6853579571363428,9245.567273541421,8004.00446457702,Negatif
